step,s_current,x_err,y_err,mag,cmd_x_pair,cmd_y_pair,tip_x,tip_y,tip_z
0,0.050200,-0.01208,-0.01429,0.01871,0.000000,0.000000,0.000000,0.000000,0.115200
1,0.050400,-0.01444,-0.01546,0.02116,0.000000,0.000000,0.000000,0.000000,0.115400
2,0.050600,-0.01918,-0.01337,0.02338,0.000000,0.000000,0.000000,0.000000,0.115600
3,0.050800,-0.01677,-0.00668,0.01805,0.000000,0.000000,0.000000,0.000000,0.115800
4,0.051000,-0.02941,-0.01733,0.03414,0.000000,0.000000,0.000000,0.000000,0.116000
5,0.051200,-0.02497,-0.01571,0.02950,0.000000,0.000000,0.000000,0.000000,0.116200
6,0.051400,-0.02851,-0.01134,0.03068,0.000000,0.000000,0.000000,0.000000,0.116400
7,0.051600,-0.01042,-0.01018,0.01457,0.000000,0.000000,0.000000,0.000000,0.116600
8,0.051800,-0.00599,0.00227,0.00641,0.000000,0.000000,0.000000,0.000000,0.116800
9,0.052000,0.01107,0.00271,0.01140,0.000000,0.000000,0.000000,0.000000,0.117000
10,0.052200,0.02046,-0.00226,0.02059,0.000000,0.000000,0.000000,0.000000,0.117200
11,0.052400,0.01779,-0.00257,0.01798,0.000000,0.000000,0.000000,0.000000,0.117400
12,0.052600,0.01768,-0.00630,0.01877,0.000000,0.000000,0.000000,0.000000,0.117600
13,0.052800,0.02462,-0.01246,0.02759,0.000000,0.000000,0.000000,0.000000,0.117800
14,0.053000,0.02692,-0.00565,0.02751,0.000000,0.000000,0.000000,0.000000,0.118000
15,0.053200,0.02648,-0.01175,0.02896,0.000000,0.000000,0.000000,0.000000,0.118200
16,0.053400,0.02816,0.00301,0.02832,0.000000,0.000000,0.000000,0.000000,0.118400
17,0.053600,0.03772,0.00281,0.03782,0.000000,0.000000,0.000000,0.000000,0.118600
18,0.053800,0.02967,0.00681,0.03044,0.000000,0.000000,0.000000,0.000000,0.118800
19,0.054000,0.05520,-0.01487,0.05717,0.000000,0.000000,0.000000,0.000000,0.119000
20,0.054200,0.05540,-0.01579,0.05761,0.000000,0.000000,0.000000,0.000000,0.119200
21,0.054400,0.03973,-0.03182,0.05090,0.000000,0.000000,0.000000,0.000000,0.119400
22,0.054600,0.03735,-0.02390,0.04434,0.000000,0.000000,0.000000,0.000000,0.119600
23,0.054800,0.03610,-0.02710,0.04514,0.000000,0.000000,0.000000,0.000000,0.119800
24,0.055000,0.02407,-0.01811,0.03013,0.000000,0.000000,0.000000,0.000000,0.120000
25,0.055200,0.04929,-0.01337,0.05107,0.000000,0.000000,0.000000,0.000000,0.120200
26,0.055400,0.06072,-0.01059,0.06164,0.000000,0.000000,0.000000,0.000000,0.120400
27,0.055600,0.02998,-0.01264,0.03253,0.000000,0.000000,0.000000,0.000000,0.120600
28,0.055800,0.03595,0.00100,0.03596,0.000000,0.000000,0.000000,0.000000,0.120800
29,0.056000,0.02418,0.00300,0.02437,0.000000,0.000000,0.000000,0.000000,0.121000
30,0.056200,0.02307,0.00873,0.02467,0.000000,0.000000,0.000000,0.000000,0.121200
31,0.056400,0.02019,0.01909,0.02779,0.000000,0.000000,0.000000,0.000000,0.121400
32,0.056600,0.01348,0.00385,0.01402,0.000000,0.000000,0.000000,0.000000,0.121600
33,0.056800,0.01672,0.00392,0.01717,0.000000,0.000000,0.000000,0.000000,0.121800
34,0.057000,0.02593,-0.00338,0.02615,0.000000,0.000000,0.000000,0.000000,0.122000
35,0.057200,0.02270,-0.01192,0.02564,0.000000,0.000000,0.000000,0.000000,0.122200
36,0.057400,0.01086,-0.00924,0.01426,0.000000,0.000000,0.000000,0.000000,0.122400
37,0.057600,0.01161,-0.01124,0.01616,0.000000,0.000000,0.000000,0.000000,0.122600
38,0.057800,0.00132,-0.00760,0.00771,0.000000,0.000000,0.000000,0.000000,0.122800
39,0.058000,0.01301,-0.00234,0.01322,0.000000,0.000000,0.000000,0.000000,0.123000
40,0.058200,0.03351,0.00457,0.03382,0.000000,0.000000,0.000000,0.000000,0.123200
41,0.058400,0.00982,0.01564,0.01847,0.000000,0.000000,0.000000,0.000000,0.123400
42,0.058600,0.00757,0.02721,0.02824,0.000000,0.000000,0.000000,0.000000,0.123600
43,0.058800,0.00744,0.02302,0.02419,0.000000,0.000000,0.000000,0.000000,0.123800
44,0.059000,-0.02668,0.03200,0.04166,0.000000,0.000000,0.000000,0.000000,0.124000
45,0.059200,-0.02286,0.01578,0.02777,0.000000,0.000000,0.000000,0.000000,0.124200
46,0.059400,-0.02531,0.01520,0.02953,0.000000,0.000000,0.000000,0.000000,0.124400
47,0.059600,-0.02080,0.02258,0.03071,0.000000,0.000000,0.000000,0.000000,0.124600
48,0.059800,-0.04919,0.04754,0.06841,0.000000,0.000000,0.000000,0.000000,0.124800
49,0.060000,-0.03949,0.04322,0.05854,0.000000,0.000000,0.000000,0.000000,0.125000
50,0.060200,-0.04539,0.06428,0.07869,0.000000,0.000000,0.000000,0.000000,0.125200
51,0.060400,-0.04069,0.06699,0.07838,0.000000,0.000000,0.000000,0.000000,0.125400
52,0.060600,-0.02758,0.05639,0.06277,0.000000,0.000000,0.000000,0.000000,0.125600
53,0.060800,-0.01658,0.04527,0.04821,0.000000,0.000000,0.000000,0.000000,0.125800
54,0.061000,-0.03524,0.03296,0.04825,0.000000,0.000000,0.000000,0.000000,0.126000
55,0.061200,-0.06191,0.03848,0.07289,0.000000,0.000000,0.000000,0.000000,0.126200
56,0.061400,-0.04790,0.03848,0.06144,0.000000,0.000000,0.000000,0.000000,0.126400
57,0.061600,-0.05337,0.03724,0.06508,0.000000,0.000000,0.000000,0.000000,0.126600
58,0.061800,-0.05566,0.03995,0.06852,0.000000,0.000000,0.000000,0.000000,0.126800
59,0.062000,-0.06310,0.05230,0.08196,0.000050,-0.000042,0.000013,0.000011,0.127000
60,0.062200,-0.06607,0.06029,0.08945,0.000103,-0.000090,0.000051,0.000046,0.127200
61,0.062400,-0.07549,0.05138,0.09132,0.000164,-0.000131,0.000117,0.000103,0.127400
62,0.062600,-0.07128,0.03563,0.07969,0.000164,-0.000131,0.000195,0.000170,0.127599
63,0.062800,-0.06019,0.02077,0.06368,0.000164,-0.000131,0.000270,0.000234,0.127799
64,0.063000,-0.05293,0.02219,0.05739,0.000164,-0.000131,0.000341,0.000295,0.127998
65,0.063200,-0.07154,-0.01129,0.07243,0.000164,-0.000131,0.000408,0.000352,0.128197
66,0.063400,-0.06339,-0.00235,0.06344,0.000164,-0.000131,0.000471,0.000405,0.128396
67,0.063600,-0.07213,-0.01226,0.07316,0.000164,-0.000131,0.000530,0.000455,0.128595
68,0.063800,-0.06960,-0.02222,0.07306,0.000164,-0.000131,0.000585,0.000502,0.128794
69,0.064000,-0.06868,-0.01698,0.07075,0.000164,-0.000131,0.000638,0.000545,0.128993
70,0.064200,-0.07387,-0.02044,0.07665,0.000164,-0.000131,0.000687,0.000586,0.129191
71,0.064400,-0.07474,-0.02292,0.07817,0.000164,-0.000131,0.000733,0.000624,0.129390
72,0.064600,-0.06972,-0.03734,0.07909,0.000164,-0.000131,0.000777,0.000660,0.129589
73,0.064800,-0.08189,-0.05115,0.09656,0.000229,-0.000090,0.000835,0.000683,0.129788
74,0.065000,-0.07912,-0.02533,0.08308,0.000293,-0.000070,0.000922,0.000688,0.129986
75,0.065200,-0.09519,-0.03661,0.10198,0.000369,-0.000041,0.001040,0.000678,0.130184
76,0.065400,-0.06729,-0.02395,0.07142,0.000369,-0.000041,0.001171,0.000660,0.130381
77,0.065600,-0.06976,-0.04071,0.08077,0.000425,-0.000008,0.001312,0.000632,0.130577
78,0.065800,-0.05709,-0.05452,0.07894,0.000425,-0.000008,0.001458,0.000598,0.130774
79,0.066000,-0.05458,-0.04405,0.07014,0.000425,-0.000008,0.001596,0.000565,0.130969
80,0.066200,-0.06599,-0.06247,0.09087,0.000477,0.000042,0.001741,0.000520,0.131165
81,0.066400,-0.05670,-0.06462,0.08597,0.000523,0.000094,0.001902,0.000451,0.131359
82,0.066600,-0.05059,-0.06608,0.08322,0.000563,0.000146,0.002075,0.000357,0.131553
83,0.066800,-0.05473,-0.07267,0.09097,0.000607,0.000205,0.002261,0.000237,0.131745
84,0.067000,-0.06272,-0.04100,0.07493,0.000607,0.000205,0.002448,0.000108,0.131936
85,0.067200,-0.06771,-0.04404,0.08077,0.000661,0.000240,0.002639,-0.000026,0.132125
86,0.067400,-0.06249,-0.01555,0.06439,0.000661,0.000240,0.002832,-0.000161,0.132314
87,0.067600,-0.08697,-0.01154,0.08773,0.000731,0.000249,0.003033,-0.000291,0.132500
88,0.067800,-0.06316,0.00719,0.06357,0.000731,0.000249,0.003238,-0.000415,0.132686
89,0.068000,-0.04918,0.00731,0.04972,0.000731,0.000249,0.003434,-0.000532,0.132871
90,0.068200,-0.02587,0.03634,0.04461,0.000731,0.000249,0.003618,-0.000642,0.133055
91,0.068400,-0.00562,0.06086,0.06111,0.000731,0.000249,0.003791,-0.000744,0.133240
92,0.068600,0.02103,0.07348,0.07643,0.000731,0.000249,0.003954,-0.000840,0.133425
93,0.068800,0.02458,0.08472,0.08821,0.000711,0.000181,0.004101,-0.000911,0.133611
94,0.069000,0.04798,0.09174,0.10352,0.000673,0.000108,0.004226,-0.000940,0.133799
95,0.069200,0.05386,0.10226,0.11558,0.000630,0.000026,0.004322,-0.000924,0.133991
96,0.069400,0.06187,0.09522,0.11355,0.000580,-0.000050,0.004388,-0.000865,0.134186
97,0.069600,0.06558,0.08165,0.10473,0.000528,-0.000115,0.004423,-0.000768,0.134384
98,0.069800,0.06305,0.07401,0.09722,0.000477,-0.000175,0.004430,-0.000640,0.134586
99,0.070000,0.03496,0.05801,0.06773,0.000477,-0.000175,0.004422,-0.000503,0.134788
100,0.070200,0.05580,0.04994,0.07489,0.000477,-0.000175,0.004413,-0.000371,0.134990
101,0.070400,0.06125,0.01231,0.06247,0.000477,-0.000175,0.004404,-0.000247,0.135192
102,0.070600,0.06347,0.02006,0.06656,0.000477,-0.000175,0.004395,-0.000131,0.135393
103,0.070800,0.05488,0.00299,0.05496,0.000477,-0.000175,0.004388,-0.000022,0.135594
104,0.071000,0.04976,0.01391,0.05167,0.000477,-0.000175,0.004380,0.000080,0.135795
105,0.071200,0.03546,0.02888,0.04574,0.000477,-0.000175,0.004373,0.000175,0.135995
106,0.071400,0.03986,0.02679,0.04803,0.000477,-0.000175,0.004366,0.000264,0.136195
107,0.071600,0.05382,0.02745,0.06042,0.000477,-0.000175,0.004360,0.000348,0.136395
108,0.071800,0.05123,0.02280,0.05607,0.000477,-0.000175,0.004354,0.000426,0.136595
109,0.072000,0.04393,0.00327,0.04405,0.000477,-0.000175,0.004349,0.000499,0.136795
110,0.072200,0.03717,-0.00743,0.03791,0.000477,-0.000175,0.004344,0.000568,0.136995
111,0.072400,0.04829,-0.01973,0.05217,0.000477,-0.000175,0.004339,0.000632,0.137194
112,0.072600,0.04232,-0.02715,0.05028,0.000477,-0.000175,0.004334,0.000692,0.137394
113,0.072800,0.04363,-0.04197,0.06054,0.000477,-0.000175,0.004330,0.000748,0.137594
114,0.073000,0.03390,-0.05438,0.06408,0.000477,-0.000175,0.004325,0.000801,0.137793
115,0.073200,0.00994,-0.06908,0.06979,0.000477,-0.000175,0.004322,0.000850,0.137993
116,0.073400,0.00104,-0.07303,0.07304,0.000477,-0.000175,0.004318,0.000896,0.138192
117,0.073600,-0.00562,-0.09549,0.09565,0.000482,-0.000098,0.004316,0.000919,0.138392
118,0.073800,-0.03949,-0.08433,0.09312,0.000513,-0.000031,0.004323,0.000902,0.138592
119,0.074000,-0.06411,-0.08497,0.10644,0.000564,0.000037,0.004350,0.000848,0.138790
120,0.074200,-0.07883,-0.08437,0.11547,0.000628,0.000105,0.004406,0.000758,0.138986
121,0.074400,-0.08146,-0.08004,0.11420,0.000693,0.000169,0.004492,0.000637,0.139180
122,0.074600,-0.09147,-0.06276,0.11093,0.000766,0.000219,0.004609,0.000489,0.139370
123,0.074800,-0.10346,-0.05336,0.11641,0.000849,0.000262,0.004760,0.000324,0.139556
124,0.075000,-0.08937,-0.00936,0.08986,0.000920,0.000269,0.004943,0.000153,0.139738
125,0.075200,-0.05082,0.03238,0.06026,0.000920,0.000269,0.005134,-0.000010,0.139917
126,0.075400,-0.05341,0.04636,0.07072,0.000920,0.000269,0.005317,-0.000164,0.140096
127,0.075600,-0.04057,0.05589,0.06907,0.000920,0.000269,0.005488,-0.000308,0.140276
128,0.075800,-0.02950,0.07298,0.07872,0.000920,0.000269,0.005650,-0.000443,0.140455
129,0.076000,-0.01638,0.06743,0.06939,0.000920,0.000269,0.005802,-0.000569,0.140635
130,0.076200,-0.00610,0.08289,0.08311,0.000925,0.000203,0.005945,-0.000669,0.140816
131,0.076400,0.00338,0.08691,0.08698,0.000922,0.000133,0.006081,-0.000727,0.140997
132,0.076600,0.01506,0.08322,0.08457,0.000910,0.000067,0.006205,-0.000743,0.141181
133,0.076800,0.02104,0.08354,0.08615,0.000893,-0.000000,0.006314,-0.000720,0.141366
134,0.077000,0.00870,0.09435,0.09475,0.000886,-0.000076,0.006410,-0.000658,0.141554
135,0.077200,0.01036,0.11338,0.11385,0.000878,-0.000166,0.006497,-0.000553,0.141743
136,0.077400,-0.01395,0.11360,0.11445,0.000889,-0.000257,0.006579,-0.000403,0.141933
137,0.077600,-0.01456,0.10365,0.10467,0.000901,-0.000340,0.006662,-0.000213,0.142123
138,0.077800,-0.03462,0.06743,0.07579,0.000901,-0.000340,0.006742,-0.000009,0.142311
139,0.078000,-0.04780,0.04079,0.06284,0.000901,-0.000340,0.006819,0.000185,0.142500
140,0.078200,-0.05025,0.01726,0.05313,0.000901,-0.000340,0.006890,0.000368,0.142688
141,0.078400,-0.06669,-0.02153,0.07008,0.000901,-0.000340,0.006958,0.000540,0.142877
142,0.078600,-0.07086,-0.05064,0.08709,0.000958,-0.000300,0.007036,0.000689,0.143063
143,0.078800,-0.07736,-0.04988,0.09204,0.001020,-0.000260,0.007138,0.000808,0.143245
144,0.079000,-0.06451,-0.04324,0.07766,0.001020,-0.000260,0.007250,0.000907,0.143426
145,0.079200,-0.06823,-0.05060,0.08495,0.001074,-0.000219,0.007372,0.000987,0.143605
146,0.079400,-0.07794,-0.04086,0.08801,0.001137,-0.000187,0.007515,0.001042,0.143781
147,0.079600,-0.08226,-0.04127,0.09203,0.001202,-0.000154,0.007683,0.001075,0.143952
148,0.079800,-0.07813,-0.02408,0.08176,0.001265,-0.000134,0.007874,0.001090,0.144120
149,0.080000,-0.05834,-0.03073,0.06593,0.001265,-0.000134,0.008071,0.001098,0.144285
150,0.080200,-0.07570,-0.02316,0.07916,0.001265,-0.000134,0.008257,0.001104,0.144452
151,0.080400,-0.05480,-0.02752,0.06132,0.001265,-0.000134,0.008433,0.001109,0.144620
152,0.080600,-0.06089,-0.02077,0.06434,0.001265,-0.000134,0.008598,0.001114,0.144789
153,0.080800,-0.06260,-0.02371,0.06694,0.001265,-0.000134,0.008754,0.001119,0.144960
154,0.081000,-0.07027,-0.02321,0.07400,0.001265,-0.000134,0.008899,0.001123,0.145132
155,0.081200,-0.04496,-0.01816,0.04848,0.001265,-0.000134,0.009036,0.001127,0.145305
156,0.081400,-0.04747,-0.02291,0.05270,0.001265,-0.000134,0.009165,0.001131,0.145480
157,0.081600,-0.04345,-0.02404,0.04965,0.001265,-0.000134,0.009286,0.001134,0.145655
158,0.081800,-0.04518,-0.00840,0.04595,0.001265,-0.000134,0.009400,0.001137,0.145832
159,0.082000,-0.05594,-0.01510,0.05794,0.001265,-0.000134,0.009507,0.001140,0.146010
160,0.082200,-0.06467,-0.03590,0.07397,0.001265,-0.000134,0.009607,0.001143,0.146189
161,0.082400,-0.03799,-0.04428,0.05834,0.001265,-0.000134,0.009701,0.001145,0.146369
162,0.082600,-0.03680,-0.05735,0.06814,0.001265,-0.000134,0.009790,0.001147,0.146550
163,0.082800,-0.02623,-0.06918,0.07399,0.001265,-0.000134,0.009873,0.001149,0.146732
164,0.083000,-0.02126,-0.09376,0.09614,0.001282,-0.000059,0.009956,0.001132,0.146915
165,0.083200,-0.03943,-0.09889,0.10646,0.001313,0.000020,0.010046,0.001077,0.147096
166,0.083400,-0.03449,-0.08584,0.09251,0.001341,0.000088,0.010145,0.000984,0.147276
167,0.083600,-0.03342,-0.06559,0.07361,0.001341,0.000088,0.010246,0.000876,0.147456
168,0.083800,-0.03251,-0.04309,0.05398,0.001341,0.000088,0.010342,0.000771,0.147636
169,0.084000,-0.01927,-0.02861,0.03450,0.001341,0.000088,0.010432,0.000673,0.147817
170,0.084200,-0.02391,-0.04476,0.05075,0.001341,0.000088,0.010516,0.000581,0.147999
171,0.084400,-0.03366,-0.01051,0.03526,0.001341,0.000088,0.010596,0.000495,0.148181
172,0.084600,-0.02963,-0.01111,0.03164,0.001341,0.000088,0.010670,0.000414,0.148365
173,0.084800,-0.02363,0.02346,0.03330,0.001341,0.000088,0.010740,0.000339,0.148549
174,0.085000,-0.04849,0.02138,0.05299,0.001341,0.000088,0.010806,0.000268,0.148734
175,0.085200,-0.06056,0.01802,0.06318,0.001341,0.000088,0.010868,0.000202,0.148919
176,0.085400,-0.09029,0.00202,0.09031,0.001413,0.000087,0.010945,0.000140,0.149101
177,0.085600,-0.11016,0.01934,0.11184,0.001501,0.000071,0.011056,0.000087,0.149274
178,0.085800,-0.13228,0.00534,0.13239,0.001607,0.000067,0.011209,0.000043,0.149436
179,0.086000,-0.14690,0.00351,0.14694,0.001725,0.000064,0.011410,0.000004,0.149586
180,0.086200,-0.12708,-0.01457,0.12791,0.001826,0.000076,0.011654,-0.000034,0.149723
181,0.086400,-0.11902,0.01293,0.11972,0.001922,0.000066,0.011935,-0.000070,0.149850
182,0.086600,-0.08830,0.01515,0.08959,0.001992,0.000054,0.012242,-0.000098,0.149967
183,0.086800,-0.12672,0.02303,0.12879,0.002094,0.000035,0.012574,-0.000116,0.150075
184,0.087000,-0.07380,0.02302,0.07731,0.002094,0.000035,0.012912,-0.000128,0.150180
185,0.087200,-0.03891,0.00180,0.03895,0.002094,0.000035,0.013231,-0.000137,0.150287
186,0.087400,0.00859,0.02979,0.03101,0.002094,0.000035,0.013531,-0.000146,0.150397
187,0.087600,0.02271,0.01977,0.03011,0.002094,0.000035,0.013813,-0.000154,0.150511
188,0.087800,0.03003,0.02501,0.03908,0.002094,0.000035,0.014078,-0.000161,0.150628
189,0.088000,0.03473,0.02454,0.04252,0.002094,0.000035,0.014325,-0.000168,0.150749
190,0.088200,0.04197,0.01517,0.04462,0.002094,0.000035,0.014558,-0.000175,0.150874
191,0.088400,0.02378,0.02552,0.03488,0.002094,0.000035,0.014776,-0.000180,0.151001
192,0.088600,0.02769,0.03226,0.04251,0.002094,0.000035,0.014981,-0.000186,0.151133
193,0.088800,-0.01173,0.03221,0.03428,0.002094,0.000035,0.015173,-0.000191,0.151267
194,0.089000,0.00596,0.00988,0.01154,0.002094,0.000035,0.015353,-0.000195,0.151405
195,0.089200,-0.01891,0.00438,0.01941,0.002094,0.000035,0.015523,-0.000199,0.151546
196,0.089400,-0.03272,0.00005,0.03272,0.002094,0.000035,0.015681,-0.000203,0.151689
197,0.089600,-0.06203,0.00225,0.06207,0.002094,0.000035,0.015830,-0.000206,0.151836
198,0.089800,-0.04914,0.01342,0.05094,0.002094,0.000035,0.015970,-0.000209,0.151985
199,0.090000,-0.06617,-0.00950,0.06685,0.002094,0.000035,0.016102,-0.000212,0.152137
200,0.090200,-0.07489,-0.00823,0.07534,0.002094,0.000035,0.016225,-0.000215,0.152292
201,0.090400,-0.08206,0.00082,0.08206,0.002159,0.000034,0.016357,-0.000217,0.152442
202,0.090600,-0.06660,-0.02148,0.06998,0.002159,0.000034,0.016495,-0.000219,0.152591
203,0.090800,-0.07688,-0.00710,0.07721,0.002159,0.000034,0.016626,-0.000221,0.152741
204,0.091000,-0.05314,-0.02575,0.05905,0.002159,0.000034,0.016750,-0.000222,0.152893
205,0.091200,-0.02169,-0.00151,0.02174,0.002159,0.000034,0.016866,-0.000224,0.153049
206,0.091400,-0.03969,-0.01142,0.04130,0.002159,0.000034,0.016975,-0.000225,0.153206
207,0.091600,-0.03719,-0.03018,0.04790,0.002159,0.000034,0.017078,-0.000226,0.153366
208,0.091800,-0.02037,-0.06030,0.06365,0.002159,0.000034,0.017174,-0.000227,0.153528
209,0.092000,-0.00829,-0.07227,0.07274,0.002159,0.000034,0.017264,-0.000227,0.153692
210,0.092200,0.00822,-0.08797,0.08836,0.002153,0.000105,0.017347,-0.000247,0.153859
211,0.092400,0.00179,-0.08327,0.08329,0.002151,0.000171,0.017424,-0.000301,0.154028
212,0.092600,-0.00746,-0.05572,0.05622,0.002151,0.000171,0.017495,-0.000370,0.154199
213,0.092800,0.00954,-0.03582,0.03707,0.002151,0.000171,0.017562,-0.000437,0.154371
214,0.093000,0.02085,-0.01896,0.02818,0.002151,0.000171,0.017625,-0.000501,0.154545
215,0.093200,0.01549,-0.02317,0.02787,0.002151,0.000171,0.017684,-0.000561,0.154720
216,0.093400,-0.02540,-0.01216,0.02816,0.002151,0.000171,0.017740,-0.000617,0.154896
217,0.093600,-0.01410,-0.00014,0.01410,0.002151,0.000171,0.017792,-0.000669,0.155074
218,0.093800,-0.04337,-0.00077,0.04338,0.002151,0.000171,0.017841,-0.000718,0.155253
219,0.094000,-0.05313,0.00408,0.05328,0.002151,0.000171,0.017887,-0.000763,0.155433
220,0.094200,-0.09590,0.00356,0.09597,0.002228,0.000169,0.017948,-0.000805,0.155607
221,0.094400,-0.10536,0.00512,0.10549,0.002312,0.000164,0.018043,-0.000843,0.155766
222,0.094600,-0.11060,0.01310,0.11138,0.002401,0.000154,0.018173,-0.000873,0.155910
223,0.094800,-0.11520,0.02526,0.11794,0.002493,0.000134,0.018340,-0.000894,0.156039
224,0.095000,-0.10020,0.03628,0.10656,0.002573,0.000105,0.018537,-0.000899,0.156153
225,0.095200,-0.09162,0.03276,0.09730,0.002646,0.000079,0.018761,-0.000894,0.156255
226,0.095400,-0.09096,0.02905,0.09548,0.002719,0.000055,0.019005,-0.000879,0.156347
227,0.095600,-0.04880,0.01026,0.04986,0.002719,0.000055,0.019253,-0.000859,0.156436
228,0.095800,-0.05200,0.01039,0.05302,0.002719,0.000055,0.019487,-0.000840,0.156529
229,0.096000,-0.04298,0.00590,0.04339,0.002719,0.000055,0.019707,-0.000821,0.156628
230,0.096200,-0.02071,0.00198,0.02081,0.002719,0.000055,0.019913,-0.000804,0.156731
231,0.096400,-0.04834,0.00131,0.04836,0.002719,0.000055,0.020106,-0.000788,0.156840
232,0.096600,-0.02140,0.01718,0.02744,0.002719,0.000055,0.020287,-0.000774,0.156953
233,0.096800,-0.02936,0.00966,0.03091,0.002719,0.000055,0.020457,-0.000760,0.157071
234,0.097000,-0.03142,0.02121,0.03791,0.002719,0.000055,0.020616,-0.000747,0.157193
235,0.097200,-0.07520,0.01661,0.07702,0.002719,0.000055,0.020766,-0.000736,0.157319
236,0.097400,-0.05923,0.02427,0.06401,0.002719,0.000055,0.020906,-0.000725,0.157450
237,0.097600,-0.07229,0.01207,0.07329,0.002719,0.000055,0.021037,-0.000715,0.157584
238,0.097800,-0.07445,0.02523,0.07861,0.002719,0.000055,0.021160,-0.000705,0.157721
239,0.098000,-0.10474,0.02344,0.10733,0.002803,0.000037,0.021295,-0.000691,0.157852
240,0.098200,-0.10870,0.01620,0.10990,0.002890,0.000024,0.021459,-0.000671,0.157967
241,0.098400,-0.09964,0.03385,0.10523,0.002970,-0.000003,0.021652,-0.000640,0.158066
242,0.098600,-0.11735,0.03442,0.12230,0.003063,-0.000031,0.021873,-0.000597,0.158149
243,0.098800,-0.11469,0.03613,0.12025,0.003155,-0.000060,0.022124,-0.000541,0.158215
244,0.099000,-0.10990,0.02401,0.11249,0.003243,-0.000079,0.022400,-0.000476,0.158265
245,0.099200,-0.09520,0.01290,0.09607,0.003319,-0.000089,0.022696,-0.000407,0.158301
246,0.099400,-0.06247,0.01760,0.06490,0.003319,-0.000089,0.022992,-0.000340,0.158335
247,0.099600,-0.06053,0.00625,0.06085,0.003319,-0.000089,0.023271,-0.000276,0.158376
248,0.099800,-0.06761,0.00805,0.06809,0.003319,-0.000089,0.023532,-0.000217,0.158425
249,0.100000,-0.01941,-0.02137,0.02887,0.003319,-0.000089,0.023776,-0.000162,0.158481
250,0.100200,-0.00866,-0.03399,0.03508,0.003319,-0.000089,0.024005,-0.000110,0.158544
251,0.100400,0.01831,-0.02833,0.03373,0.003319,-0.000089,0.024219,-0.000063,0.158614
252,0.100600,-0.02195,-0.02470,0.03305,0.003319,-0.000089,0.024419,-0.000018,0.158692
253,0.100800,0.00087,-0.01187,0.01190,0.003319,-0.000089,0.024607,0.000023,0.158775
254,0.101000,-0.00840,-0.01583,0.01792,0.003319,-0.000089,0.024782,0.000062,0.158865
255,0.101200,-0.00404,-0.00973,0.01053,0.003319,-0.000089,0.024947,0.000098,0.158961
256,0.101400,-0.01361,-0.02044,0.02456,0.003319,-0.000089,0.025101,0.000131,0.159063
257,0.101600,-0.03120,-0.02431,0.03955,0.003319,-0.000089,0.025245,0.000162,0.159170
258,0.101800,-0.02452,-0.03678,0.04420,0.003319,-0.000089,0.025380,0.000191,0.159282
259,0.102000,-0.04516,-0.02895,0.05365,0.003319,-0.000089,0.025507,0.000218,0.159399
260,0.102200,-0.06582,-0.02109,0.06912,0.003319,-0.000089,0.025625,0.000243,0.159521
261,0.102400,-0.06168,-0.02647,0.06712,0.003319,-0.000089,0.025737,0.000266,0.159647
262,0.102600,-0.06327,-0.01681,0.06547,0.003319,-0.000089,0.025841,0.000288,0.159777
263,0.102800,-0.06225,-0.02141,0.06583,0.003319,-0.000089,0.025939,0.000308,0.159912
264,0.103000,-0.05701,-0.03134,0.06506,0.003319,-0.000089,0.026030,0.000327,0.160050
265,0.103200,-0.06576,-0.03566,0.07480,0.003319,-0.000089,0.026116,0.000345,0.160191
266,0.103400,-0.06992,-0.04335,0.08227,0.003375,-0.000055,0.026208,0.000352,0.160328
267,0.103600,-0.07758,-0.03899,0.08682,0.003437,-0.000024,0.026319,0.000351,0.160452
268,0.103800,-0.07837,-0.03630,0.08636,0.003500,0.000005,0.026449,0.000342,0.160561
269,0.104000,-0.08426,-0.03130,0.08989,0.003567,0.000031,0.026599,0.000321,0.160657
270,0.104200,-0.07944,-0.04150,0.08963,0.003631,0.000064,0.026768,0.000286,0.160738
271,0.104400,-0.08818,-0.04414,0.09861,0.003701,0.000099,0.026955,0.000236,0.160805
272,0.104600,-0.10224,-0.04966,0.11366,0.003783,0.000139,0.027162,0.000169,0.160856
273,0.104800,-0.12412,-0.03217,0.12822,0.003883,0.000164,0.027395,0.000090,0.160887
274,0.105000,-0.12247,-0.01924,0.12398,0.003981,0.000180,0.027653,0.000004,0.160896
275,0.105200,-0.10121,-0.01538,0.10238,0.004062,0.000192,0.027931,-0.000083,0.160887
276,0.105400,-0.10424,-0.01972,0.10609,0.004145,0.000208,0.028226,-0.000172,0.160861
277,0.105600,-0.07349,-0.01154,0.07439,0.004145,0.000208,0.028519,-0.000258,0.160834
278,0.105800,-0.04134,-0.00957,0.04243,0.004145,0.000208,0.028794,-0.000339,0.160817
279,0.106000,-0.03793,0.01350,0.04027,0.004145,0.000208,0.029051,-0.000415,0.160812
280,0.106200,-0.01187,0.02598,0.02857,0.004145,0.000208,0.029291,-0.000485,0.160816
281,0.106400,-0.00302,0.03286,0.03299,0.004145,0.000208,0.029514,-0.000550,0.160832
282,0.106600,0.01673,0.05597,0.05842,0.004145,0.000208,0.029724,-0.000610,0.160857
283,0.106800,-0.00547,0.06582,0.06604,0.004145,0.000208,0.029919,-0.000666,0.160892
284,0.107000,-0.00363,0.05585,0.05597,0.004145,0.000208,0.030101,-0.000718,0.160936
285,0.107200,0.02462,0.06895,0.07322,0.004145,0.000208,0.030272,-0.000767,0.160988
286,0.107400,0.02750,0.06685,0.07229,0.004145,0.000208,0.030431,-0.000812,0.161049
287,0.107600,0.01121,0.06765,0.06857,0.004145,0.000208,0.030580,-0.000854,0.161117
288,0.107800,0.03868,0.07921,0.08815,0.004114,0.000145,0.030713,-0.000877,0.161199
289,0.108000,0.04813,0.07913,0.09262,0.004075,0.000081,0.030825,-0.000878,0.161300
290,0.108200,0.04893,0.07527,0.08978,0.004036,0.000021,0.030915,-0.000860,0.161420
291,0.108400,0.02857,0.06675,0.07261,0.004036,0.000021,0.030992,-0.000831,0.161552
292,0.108600,0.02181,0.05563,0.05975,0.004036,0.000021,0.031063,-0.000802,0.161689
293,0.108800,0.01737,0.05573,0.05837,0.004036,0.000021,0.031130,-0.000776,0.161829
294,0.109000,0.01004,0.04912,0.05013,0.004036,0.000021,0.031192,-0.000751,0.161973
295,0.109200,-0.01340,0.04616,0.04807,0.004036,0.000021,0.031250,-0.000727,0.162120
296,0.109400,-0.04489,0.03327,0.05587,0.004036,0.000021,0.031305,-0.000706,0.162270
297,0.109600,-0.08185,0.02292,0.08500,0.004102,0.000003,0.031368,-0.000681,0.162412
298,0.109800,-0.09522,0.01963,0.09723,0.004178,-0.000013,0.031453,-0.000649,0.162533
299,0.110000,-0.09686,0.01983,0.09887,0.004255,-0.000029,0.031562,-0.000611,0.162631
300,0.110200,-0.10236,0.01604,0.10361,0.004337,-0.000042,0.031694,-0.000568,0.162708
301,0.110400,-0.10969,0.00226,0.10971,0.004425,-0.000043,0.031849,-0.000525,0.162761
302,0.110600,-0.12530,0.02028,0.12693,0.004525,-0.000060,0.032029,-0.000479,0.162788
303,0.110800,-0.09983,0.01266,0.10063,0.004605,-0.000070,0.032231,-0.000430,0.162793
304,0.111000,-0.08963,0.03015,0.09457,0.004677,-0.000094,0.032447,-0.000375,0.162780
305,0.111200,-0.05689,0.04332,0.07151,0.004677,-0.000094,0.032663,-0.000319,0.162766
306,0.111400,-0.05315,0.02312,0.05796,0.004677,-0.000094,0.032866,-0.000266,0.162762
307,0.111600,-0.04873,0.00776,0.04934,0.004677,-0.000094,0.033055,-0.000217,0.162770
308,0.111800,-0.06390,-0.00209,0.06394,0.004677,-0.000094,0.033232,-0.000171,0.162788
309,0.112000,-0.04046,0.00987,0.04164,0.004677,-0.000094,0.033397,-0.000129,0.162816
310,0.112200,-0.02845,0.01190,0.03083,0.004677,-0.000094,0.033551,-0.000090,0.162854
311,0.112400,-0.02494,-0.00445,0.02534,0.004677,-0.000094,0.033695,-0.000053,0.162902
312,0.112600,-0.00058,-0.02162,0.02163,0.004677,-0.000094,0.033829,-0.000019,0.162958
313,0.112800,0.00629,-0.04311,0.04356,0.004677,-0.000094,0.033954,0.000012,0.163022
314,0.113000,0.02617,-0.04423,0.05139,0.004677,-0.000094,0.034071,0.000042,0.163095
315,0.113200,0.03205,-0.04888,0.05846,0.004677,-0.000094,0.034181,0.000069,0.163174
316,0.113400,0.02857,-0.05543,0.06236,0.004677,-0.000094,0.034283,0.000094,0.163261
317,0.113600,0.02498,-0.05970,0.06472,0.004677,-0.000094,0.034378,0.000117,0.163354
318,0.113800,0.02825,-0.05932,0.06570,0.004677,-0.000094,0.034468,0.000139,0.163454
319,0.114000,0.03498,-0.05110,0.06193,0.004677,-0.000094,0.034552,0.000159,0.163560
320,0.114200,0.02129,-0.05379,0.05785,0.004677,-0.000094,0.034630,0.000178,0.163671
321,0.114400,0.01354,-0.04020,0.04242,0.004677,-0.000094,0.034703,0.000195,0.163787
322,0.114600,0.01329,-0.03564,0.03804,0.004677,-0.000094,0.034771,0.000212,0.163908
323,0.114800,0.01195,-0.03460,0.03660,0.004677,-0.000094,0.034836,0.000227,0.164034
324,0.115000,0.00843,-0.03065,0.03179,0.004677,-0.000094,0.034896,0.000241,0.164165
325,0.115200,-0.00933,-0.02337,0.02516,0.004677,-0.000094,0.034952,0.000254,0.164300
326,0.115400,-0.01566,-0.01044,0.01882,0.004677,-0.000094,0.035005,0.000266,0.164438
327,0.115600,-0.02825,-0.01759,0.03328,0.004677,-0.000094,0.035054,0.000277,0.164580
328,0.115800,-0.02741,-0.02979,0.04048,0.004677,-0.000094,0.035100,0.000287,0.164726
329,0.116000,-0.02437,-0.01837,0.03052,0.004677,-0.000094,0.035143,0.000297,0.164875
330,0.116200,-0.05317,-0.01539,0.05535,0.004677,-0.000094,0.035184,0.000306,0.165027
331,0.116400,-0.05634,-0.01357,0.05795,0.004677,-0.000094,0.035222,0.000314,0.165182
332,0.116600,-0.06355,-0.01449,0.06518,0.004677,-0.000094,0.035257,0.000322,0.165340
333,0.116800,-0.05956,-0.02860,0.06607,0.004677,-0.000094,0.035291,0.000329,0.165500
334,0.117000,-0.06383,-0.02747,0.06949,0.004677,-0.000094,0.035322,0.000336,0.165662
335,0.117200,-0.08564,-0.02191,0.08840,0.004745,-0.000076,0.035362,0.000337,0.165813
336,0.117400,-0.09825,-0.02890,0.10241,0.004824,-0.000053,0.035423,0.000335,0.165940
337,0.117600,-0.09581,-0.02472,0.09895,0.004901,-0.000034,0.035504,0.000333,0.166040
338,0.117800,-0.09497,-0.02232,0.09756,0.004977,-0.000016,0.035606,0.000330,0.166116
339,0.118000,-0.10846,-0.02842,0.11212,0.005063,0.000007,0.035727,0.000326,0.166167
340,0.118200,-0.09948,-0.00672,0.09970,0.005143,0.000012,0.035866,0.000319,0.166193
341,0.118400,-0.08976,-0.00943,0.09025,0.005215,0.000020,0.036021,0.000309,0.166198
342,0.118600,-0.09211,-0.01838,0.09393,0.005289,0.000035,0.036189,0.000295,0.166185
343,0.118800,-0.09239,-0.03074,0.09737,0.005362,0.000059,0.036368,0.000273,0.166154
344,0.119000,-0.07178,-0.03841,0.08141,0.005420,0.000090,0.036555,0.000239,0.166110
345,0.119200,-0.05165,-0.01714,0.05442,0.005420,0.000090,0.036739,0.000201,0.166067
346,0.119400,-0.04014,-0.02309,0.04631,0.005420,0.000090,0.036911,0.000165,0.166037
347,0.119600,-0.03015,-0.02523,0.03931,0.005420,0.000090,0.037072,0.000132,0.166020
348,0.119800,-0.00211,-0.01059,0.01080,0.005420,0.000090,0.037221,0.000101,0.166016
349,0.120000,-0.00011,-0.01947,0.01947,0.005420,0.000090,0.037360,0.000072,0.166023
350,0.120200,0.00931,-0.02624,0.02784,0.005420,0.000090,0.037489,0.000046,0.166042
351,0.120400,0.03016,-0.00088,0.03017,0.005420,0.000090,0.037609,0.000022,0.166071
352,0.120600,0.04122,-0.00657,0.04174,0.005420,0.000090,0.037721,-0.000001,0.166110
353,0.120800,0.05779,-0.00608,0.05811,0.005420,0.000090,0.037826,-0.000022,0.166159
354,0.121000,0.06135,-0.01371,0.06286,0.005420,0.000090,0.037924,-0.000041,0.166217
355,0.121200,0.05925,-0.01143,0.06034,0.005420,0.000090,0.038015,-0.000059,0.166283
356,0.121400,0.06937,-0.01136,0.07029,0.005420,0.000090,0.038100,-0.000075,0.166357
357,0.121600,0.06554,0.00299,0.06561,0.005420,0.000090,0.038179,-0.000091,0.166438
358,0.121800,0.05301,-0.00027,0.05301,0.005420,0.000090,0.038253,-0.000105,0.166527
359,0.122000,0.05406,0.00963,0.05491,0.005420,0.000090,0.038322,-0.000118,0.166622
360,0.122200,0.05683,0.02224,0.06103,0.005420,0.000090,0.038387,-0.000130,0.166724
361,0.122400,0.05137,0.01425,0.05331,0.005420,0.000090,0.038447,-0.000141,0.166832
362,0.122600,0.03893,0.01457,0.04157,0.005420,0.000090,0.038503,-0.000151,0.166945
363,0.122800,0.03215,0.01973,0.03772,0.005420,0.000090,0.038556,-0.000161,0.167063
364,0.123000,0.03225,0.01945,0.03766,0.005420,0.000090,0.038605,-0.000169,0.167186
365,0.123200,0.02068,0.02188,0.03010,0.005420,0.000090,0.038652,-0.000177,0.167314
366,0.123400,0.02235,0.01875,0.02917,0.005420,0.000090,0.038695,-0.000185,0.167446
367,0.123600,0.03242,0.02548,0.04124,0.005420,0.000090,0.038735,-0.000192,0.167583
368,0.123800,0.03205,0.03568,0.04796,0.005420,0.000090,0.038773,-0.000198,0.167723
369,0.124000,0.03319,0.04183,0.05340,0.005420,0.000090,0.038808,-0.000204,0.167867
370,0.124200,0.03125,0.05932,0.06705,0.005420,0.000090,0.038841,-0.000210,0.168014
371,0.124400,0.01012,0.05895,0.05981,0.005420,0.000090,0.038872,-0.000215,0.168165
372,0.124600,0.00000,0.07535,0.07535,0.005420,0.000090,0.038901,-0.000219,0.168318
373,0.124800,-0.00122,0.06847,0.06848,0.005420,0.000090,0.038929,-0.000224,0.168475
374,0.125000,-0.04273,0.08995,0.09958,0.005454,0.000018,0.038958,-0.000225,0.168626
375,0.125200,-0.04752,0.07909,0.09227,0.005492,-0.000045,0.038995,-0.000218,0.168765
376,0.125400,-0.06188,0.07152,0.09458,0.005542,-0.000102,0.039042,-0.000193,0.168890
377,0.125600,-0.08297,0.06519,0.10552,0.005608,-0.000155,0.039100,-0.000146,0.168993
378,0.125800,-0.09286,0.05506,0.10796,0.005682,-0.000199,0.039174,-0.000079,0.169072
379,0.126000,-0.06919,0.05232,0.08674,0.005738,-0.000240,0.039259,0.000003,0.169129
380,0.126200,-0.06236,0.04093,0.07459,0.005738,-0.000240,0.039346,0.000088,0.169183
381,0.126400,-0.01209,0.04019,0.04197,0.005738,-0.000240,0.039429,0.000169,0.169244
382,0.126600,-0.01501,0.01631,0.02217,0.005738,-0.000240,0.039505,0.000245,0.169313
383,0.126800,-0.00414,0.01217,0.01286,0.005738,-0.000240,0.039577,0.000315,0.169390
384,0.127000,-0.01615,-0.00205,0.01628,0.005738,-0.000240,0.039644,0.000380,0.169474
385,0.127200,0.01004,-0.00365,0.01068,0.005738,-0.000240,0.039706,0.000441,0.169565
386,0.127400,0.01143,-0.00915,0.01464,0.005738,-0.000240,0.039773,0.000498,0.169655
387,0.127600,0.01099,-0.02067,0.02340,0.005738,-0.000240,0.039838,0.000551,0.169748
388,0.127800,0.01600,-0.03331,0.03695,0.005738,-0.000240,0.039899,0.000600,0.169847
389,0.128000,0.00736,-0.04273,0.04336,0.005738,-0.000240,0.039957,0.000646,0.169952
390,0.128200,-0.01448,-0.04701,0.04919,0.005738,-0.000240,0.040012,0.000689,0.170061
391,0.128400,-0.00552,-0.05169,0.05199,0.005738,-0.000240,0.040064,0.000729,0.170176
392,0.128600,-0.00899,-0.05714,0.05784,0.005738,-0.000240,0.040114,0.000767,0.170295
393,0.128800,-0.02078,-0.05790,0.06152,0.005738,-0.000240,0.040160,0.000801,0.170418
394,0.129000,-0.02447,-0.07428,0.07821,0.005738,-0.000240,0.040205,0.000834,0.170546
395,0.129200,-0.01188,-0.07550,0.07643,0.005738,-0.000240,0.040322,0.000864,0.170605
396,0.129400,-0.01959,-0.07922,0.08160,0.005753,-0.000177,0.040453,0.000877,0.170650
397,0.129600,-0.02837,-0.07164,0.07705,0.005753,-0.000177,0.040583,0.000877,0.170696
398,0.129800,-0.02476,-0.07559,0.07955,0.005753,-0.000177,0.040710,0.000875,0.170745
399,0.130000,-0.01965,-0.08517,0.08741,0.005769,-0.000109,0.040838,0.000871,0.170793
400,0.130200,-0.01704,-0.07137,0.07337,0.005769,-0.000109,0.040964,0.000865,0.170841
401,0.130400,-0.01546,-0.07323,0.07484,0.005769,-0.000109,0.041089,0.000858,0.170892
402,0.130600,-0.01273,-0.08286,0.08383,0.005779,-0.000043,0.041212,0.000850,0.170943
403,0.130800,-0.02441,-0.07317,0.07714,0.005779,-0.000043,0.041335,0.000841,0.170995
404,0.131000,-0.02997,-0.06309,0.06985,0.005779,-0.000043,0.041541,0.000833,0.170968
405,0.131200,-0.02796,-0.06732,0.07290,0.005779,-0.000043,0.041756,0.000825,0.170931
406,0.131400,-0.00657,-0.05043,0.05086,0.005779,-0.000043,0.041968,0.000818,0.170896
407,0.131600,0.00457,-0.06238,0.06255,0.005779,-0.000043,0.042178,0.000811,0.170862
408,0.131800,0.01898,-0.06531,0.06802,0.005779,-0.000043,0.042385,0.000805,0.170830
409,0.132000,0.01801,-0.05292,0.05590,0.005779,-0.000043,0.042590,0.000799,0.170798
410,0.132200,0.03876,-0.07243,0.08215,0.005748,0.000015,0.042790,0.000779,0.170776
411,0.132400,0.04513,-0.07904,0.09101,0.005712,0.000078,0.042982,0.000735,0.170768
412,0.132600,0.06259,-0.05411,0.08273,0.005662,0.000122,0.043165,0.000671,0.170780
413,0.132800,0.05832,-0.05301,0.07881,0.005662,0.000122,0.043362,0.000601,0.170786
414,0.133000,0.05972,-0.05712,0.08264,0.005614,0.000167,0.043557,0.000524,0.170801
415,0.133200,0.05390,-0.04782,0.07206,0.005614,0.000167,0.043746,0.000442,0.170823
416,0.133400,0.06288,-0.02916,0.06931,0.005614,0.000167,0.043936,0.000365,0.170842
417,0.133600,0.07181,-0.00806,0.07226,0.005614,0.000167,0.044125,0.000293,0.170859
418,0.133800,0.08528,0.01964,0.08751,0.005546,0.000152,0.044309,0.000229,0.170888
419,0.134000,0.08443,0.01080,0.08511,0.005478,0.000143,0.044480,0.000174,0.170944
420,0.134200,0.08150,0.03055,0.08704,0.005413,0.000119,0.044640,0.000130,0.171026
421,0.134400,0.06183,0.04493,0.07643,0.005413,0.000119,0.044796,0.000093,0.171115
422,0.134600,0.05771,0.06092,0.08392,0.005367,0.000070,0.044958,0.000071,0.171210
423,0.134800,0.05767,0.06223,0.08484,0.005321,0.000020,0.045114,0.000065,0.171317
424,0.135000,0.06006,0.06403,0.08779,0.005273,-0.000031,0.045265,0.000064,0.171438
425,0.135200,0.05071,0.06705,0.08406,0.005232,-0.000085,0.045410,0.000069,0.171569
426,0.135400,0.03115,0.08455,0.09010,0.005207,-0.000152,0.045554,0.000093,0.171706
427,0.135600,0.02715,0.08777,0.09187,0.005186,-0.000223,0.045696,0.000148,0.171843
428,0.135800,0.01329,0.08223,0.08330,0.005175,-0.000288,0.045840,0.000230,0.171976
429,0.136000,-0.02252,0.05924,0.06338,0.005175,-0.000288,0.045985,0.000321,0.172100
430,0.136200,-0.03798,0.03938,0.05471,0.005175,-0.000288,0.046134,0.000409,0.172216
431,0.136400,-0.04465,0.03455,0.05645,0.005175,-0.000288,0.046295,0.000492,0.172320
432,0.136600,-0.05258,0.03017,0.06062,0.005175,-0.000288,0.046459,0.000570,0.172416
433,0.136800,-0.05025,0.01215,0.05170,0.005175,-0.000288,0.046626,0.000643,0.172503
434,0.137000,-0.03884,0.01063,0.04027,0.005175,-0.000288,0.046795,0.000712,0.172582
435,0.137200,-0.05313,0.00309,0.05322,0.005175,-0.000288,0.046967,0.000777,0.172653
436,0.137400,-0.04872,-0.01576,0.05121,0.005175,-0.000288,0.047140,0.000838,0.172718
437,0.137600,-0.03619,-0.01158,0.03799,0.005175,-0.000288,0.047315,0.000895,0.172776
438,0.137800,-0.03184,-0.02320,0.03940,0.005175,-0.000288,0.047492,0.000949,0.172828
439,0.138000,-0.03207,-0.01681,0.03621,0.005175,-0.000288,0.047671,0.001000,0.172873
440,0.138200,-0.02178,-0.02026,0.02975,0.005175,-0.000288,0.047860,0.001047,0.172911
441,0.138400,-0.04056,-0.04719,0.06223,0.005175,-0.000288,0.048050,0.001092,0.172944
442,0.138600,-0.03501,-0.04856,0.05986,0.005175,-0.000288,0.048241,0.001134,0.172972
443,0.138800,-0.02219,-0.05393,0.05832,0.005175,-0.000288,0.048432,0.001174,0.172995
444,0.139000,-0.02626,-0.04989,0.05638,0.005175,-0.000288,0.048625,0.001211,0.173013
445,0.139200,-0.02590,-0.06124,0.06649,0.005175,-0.000288,0.048818,0.001246,0.173027
446,0.139400,-0.00233,-0.05438,0.05443,0.005175,-0.000288,0.049012,0.001278,0.173036
447,0.139600,-0.00607,-0.04799,0.04838,0.005175,-0.000288,0.049206,0.001309,0.173042
448,0.139800,-0.00267,-0.06459,0.06465,0.005175,-0.000288,0.049401,0.001338,0.173044
449,0.140000,-0.00201,-0.08533,0.08535,0.005177,-0.000220,0.049605,0.001349,0.173041
450,0.140200,0.01074,-0.07718,0.07793,0.005177,-0.000220,0.049809,0.001345,0.173034
451,0.140400,0.02645,-0.07879,0.08311,0.005155,-0.000157,0.050012,0.001338,0.173030
452,0.140600,0.02681,-0.07776,0.08225,0.005134,-0.000095,0.050211,0.001325,0.173032
453,0.140800,0.03733,-0.08505,0.09288,0.005104,-0.000027,0.050408,0.001293,0.173042
454,0.141000,0.03255,-0.07050,0.07766,0.005104,-0.000027,0.050603,0.001249,0.173056
455,0.141200,0.03480,-0.05992,0.06929,0.005104,-0.000027,0.050799,0.001207,0.173065
456,0.141400,0.03062,-0.05285,0.06108,0.005104,-0.000027,0.050994,0.001166,0.173070
457,0.141600,0.02135,-0.08060,0.08338,0.005087,0.000038,0.051190,0.001112,0.173075
458,0.141800,0.03362,-0.07838,0.08529,0.005060,0.000100,0.051392,0.001034,0.173084
459,0.142000,0.03241,-0.05844,0.06682,0.005060,0.000100,0.051592,0.000946,0.173093
460,0.142200,0.02433,-0.05123,0.05672,0.005060,0.000100,0.051792,0.000862,0.173099
461,0.142400,0.02584,-0.04077,0.04827,0.005060,0.000100,0.051993,0.000783,0.173101
462,0.142600,0.02802,-0.04176,0.05029,0.005060,0.000100,0.052193,0.000709,0.173097
463,0.142800,0.01226,-0.04776,0.04930,0.005060,0.000100,0.052394,0.000640,0.173090
464,0.143000,0.03435,-0.04626,0.05762,0.005060,0.000100,0.052594,0.000575,0.173079
465,0.143200,0.03652,-0.02934,0.04684,0.005060,0.000100,0.052795,0.000514,0.173064
466,0.143400,0.04716,-0.03238,0.05721,0.005060,0.000100,0.052996,0.000456,0.173045
467,0.143600,0.05112,-0.04433,0.06767,0.005060,0.000100,0.053204,0.000402,0.173020
468,0.143800,0.06658,-0.02140,0.06994,0.005060,0.000100,0.053412,0.000352,0.172992
469,0.144000,0.06669,-0.01766,0.06899,0.005060,0.000100,0.053620,0.000305,0.172961
470,0.144200,0.06605,-0.01287,0.06729,0.005060,0.000100,0.053827,0.000260,0.172927
471,0.144400,0.05827,-0.01225,0.05954,0.005060,0.000100,0.054034,0.000218,0.172890
472,0.144600,0.08702,0.00181,0.08704,0.004991,0.000099,0.054236,0.000180,0.172869
473,0.144800,0.07546,0.00090,0.07547,0.004991,0.000099,0.054435,0.000144,0.172858
474,0.145000,0.08177,0.01364,0.08290,0.004925,0.000088,0.054629,0.000113,0.172862
475,0.145200,0.09731,-0.00510,0.09744,0.004847,0.000092,0.054818,0.000085,0.172894
476,0.145400,0.11125,-0.00224,0.11127,0.004758,0.000094,0.055006,0.000057,0.172958
477,0.145600,0.10241,-0.00373,0.10247,0.004676,0.000097,0.055186,0.000030,0.173055
478,0.145800,0.12830,-0.00809,0.12855,0.004574,0.000103,0.055358,0.000003,0.173187
479,0.146000,0.09029,0.00006,0.09029,0.004502,0.000103,0.055522,-0.000025,0.173349
480,0.146200,0.09570,-0.01108,0.09634,0.004425,0.000112,0.055681,-0.000054,0.173534
481,0.146400,0.07174,0.00251,0.07179,0.004425,0.000112,0.055838,-0.000083,0.173721
482,0.146600,0.08573,0.00295,0.08578,0.004356,0.000110,0.055995,-0.000110,0.173911
483,0.146800,0.07759,-0.01389,0.07882,0.004356,0.000110,0.056151,-0.000136,0.174100
484,0.147000,0.06464,-0.00630,0.06495,0.004356,0.000110,0.056312,-0.000160,0.174273
485,0.147200,0.02646,-0.01858,0.03233,0.004356,0.000110,0.056482,-0.000183,0.174428
486,0.147400,0.03109,-0.01312,0.03375,0.004356,0.000110,0.056655,-0.000205,0.174568
487,0.147600,0.02492,0.00171,0.02498,0.004356,0.000110,0.056831,-0.000226,0.174693
488,0.147800,-0.00643,0.01682,0.01801,0.004356,0.000110,0.057010,-0.000246,0.174806
489,0.148000,-0.00945,0.02082,0.02287,0.004356,0.000110,0.057192,-0.000264,0.174906
490,0.148200,0.00375,0.00638,0.00740,0.004356,0.000110,0.057375,-0.000282,0.174995
491,0.148400,0.01065,0.01295,0.01677,0.004356,0.000110,0.057561,-0.000299,0.175072
492,0.148600,-0.01317,0.00145,0.01325,0.004356,0.000110,0.057749,-0.000315,0.175139
493,0.148800,-0.00071,0.02348,0.02349,0.004356,0.000110,0.057940,-0.000330,0.175195
494,0.149000,0.00985,0.03161,0.03311,0.004356,0.000110,0.058139,-0.000345,0.175239
495,0.149200,0.02165,0.05350,0.05772,0.004356,0.000110,0.058340,-0.000359,0.175274
496,0.149400,-0.01012,0.05510,0.05602,0.004356,0.000110,0.058541,-0.000371,0.175301
497,0.149600,-0.01650,0.01461,0.02204,0.004356,0.000110,0.058744,-0.000384,0.175320
498,0.149800,-0.02270,0.04460,0.05005,0.004356,0.000110,0.058948,-0.000395,0.175332
499,0.150000,-0.00427,0.03506,0.03532,0.004356,0.000110,0.059152,-0.000406,0.175337
500,0.150200,0.00697,0.05292,0.05338,0.004356,0.000110,0.059357,-0.000417,0.175335
501,0.150400,0.01769,0.04180,0.04539,0.004356,0.000110,0.059563,-0.000427,0.175328
502,0.150600,0.02269,0.02294,0.03226,0.004356,0.000110,0.059771,-0.000436,0.175313
503,0.150800,0.03082,0.01938,0.03641,0.004356,0.000110,0.059986,-0.000445,0.175289
504,0.151000,0.05404,0.04337,0.06930,0.004356,0.000110,0.060200,-0.000453,0.175260
505,0.151200,0.05056,0.06672,0.08371,0.004316,0.000056,0.060413,-0.000456,0.175237
506,0.151400,0.03994,0.08752,0.09620,0.004284,-0.000014,0.060623,-0.000446,0.175225
507,0.151600,0.03759,0.07233,0.08151,0.004254,-0.000071,0.060830,-0.000415,0.175223
508,0.151800,0.02957,0.07397,0.07966,0.004254,-0.000071,0.061037,-0.000373,0.175222
509,0.152000,0.04301,0.05921,0.07318,0.004254,-0.000071,0.061244,-0.000332,0.175215
510,0.152200,0.05667,0.04938,0.07516,0.004254,-0.000071,0.061451,-0.000293,0.175202
511,0.152400,0.06860,0.05056,0.08521,0.004199,-0.000112,0.061659,-0.000247,0.175196
512,0.152600,0.06598,0.04476,0.07973,0.004199,-0.000112,0.061870,-0.000194,0.175191
513,0.152800,0.06394,0.04762,0.07973,0.004199,-0.000112,0.062082,-0.000143,0.175181
514,0.153000,0.05329,0.04445,0.06939,0.004199,-0.000112,0.062293,-0.000096,0.175165
515,0.153200,0.05200,0.03272,0.06143,0.004199,-0.000112,0.062505,-0.000051,0.175142
516,0.153400,0.03518,0.02527,0.04332,0.004199,-0.000112,0.062717,-0.000009,0.175114
517,0.153600,0.05856,0.01834,0.06137,0.004199,-0.000112,0.062929,0.000031,0.175080
518,0.153800,0.05115,0.00104,0.05116,0.004199,-0.000112,0.063141,0.000068,0.175040
519,0.154000,0.06009,-0.01545,0.06204,0.004199,-0.000112,0.063352,0.000103,0.174996
520,0.154200,0.04249,-0.01208,0.04417,0.004199,-0.000112,0.063567,0.000135,0.174945
521,0.154400,0.05038,-0.03739,0.06274,0.004199,-0.000112,0.063785,0.000166,0.174886
522,0.154600,0.06267,-0.04227,0.07560,0.004199,-0.000112,0.064003,0.000195,0.174823
523,0.154800,0.04393,-0.04181,0.06065,0.004199,-0.000112,0.064221,0.000222,0.174757
524,0.155000,0.06039,-0.05403,0.08103,0.004151,-0.000069,0.064437,0.000237,0.174699
525,0.155200,0.08298,-0.04392,0.09389,0.004084,-0.000034,0.064650,0.000239,0.174665
526,0.155400,0.08812,-0.06112,0.10724,0.004014,0.000015,0.064858,0.000235,0.174659
527,0.155600,0.10222,-0.05175,0.11457,0.003932,0.000057,0.065061,0.000219,0.174685
528,0.155800,0.11421,-0.06063,0.12931,0.003841,0.000105,0.065261,0.000182,0.174746
529,0.156000,0.11035,-0.07658,0.13432,0.003752,0.000167,0.065459,0.000120,0.174838
530,0.156200,0.11175,-0.06955,0.13163,0.003663,0.000222,0.065657,0.000032,0.174949
531,0.156400,0.10137,-0.05504,0.11534,0.003582,0.000266,0.065853,-0.000076,0.175076
532,0.156600,0.08126,-0.01330,0.08234,0.003517,0.000277,0.066047,-0.000192,0.175216
533,0.156800,0.06424,-0.00899,0.06486,0.003517,0.000277,0.066240,-0.000305,0.175355
534,0.157000,0.03912,-0.00227,0.03918,0.003517,0.000277,0.066434,-0.000412,0.175480
535,0.157200,0.03107,-0.01649,0.03518,0.003517,0.000277,0.066628,-0.000512,0.175594
536,0.157400,0.00962,-0.00846,0.01281,0.003517,0.000277,0.066823,-0.000607,0.175705
537,0.157600,-0.00384,-0.00627,0.00735,0.003517,0.000277,0.067018,-0.000697,0.175811
538,0.157800,-0.03692,0.00825,0.03783,0.003517,0.000277,0.067216,-0.000781,0.175904
539,0.158000,-0.06145,0.01964,0.06451,0.003517,0.000277,0.067420,-0.000861,0.175980
540,0.158200,-0.07088,0.03663,0.07979,0.003517,0.000277,0.067625,-0.000935,0.176042
541,0.158400,-0.08320,0.03037,0.08857,0.003583,0.000253,0.067833,-0.000999,0.176075
542,0.158600,-0.06697,0.03652,0.07629,0.003583,0.000253,0.068044,-0.001054,0.176082
543,0.158800,-0.06277,0.04778,0.07888,0.003583,0.000253,0.068256,-0.001104,0.176078
544,0.159000,-0.06354,0.05598,0.08469,0.003634,0.000208,0.068471,-0.001140,0.176053
545,0.159200,-0.03864,0.05804,0.06973,0.003634,0.000208,0.068687,-0.001164,0.176008
546,0.159400,-0.03452,0.06877,0.07695,0.003634,0.000208,0.068903,-0.001184,0.175957
547,0.159600,-0.03453,0.06160,0.07062,0.003634,0.000208,0.069123,-0.001204,0.175896
548,0.159800,-0.02029,0.07512,0.07782,0.003634,0.000208,0.069346,-0.001222,0.175826
549,0.160000,0.00613,0.08473,0.08495,0.003629,0.000140,0.069568,-0.001227,0.175753
550,0.160200,-0.00575,0.09406,0.09423,0.003634,0.000065,0.069791,-0.001209,0.175675
551,0.160400,0.00656,0.09362,0.09385,0.003629,-0.000010,0.070014,-0.001162,0.175593
552,0.160600,0.00402,0.08392,0.08401,0.003626,-0.000077,0.070237,-0.001082,0.175508
553,0.160800,-0.00322,0.09309,0.09314,0.003628,-0.000152,0.070460,-0.000970,0.175419
554,0.161000,0.01147,0.08292,0.08371,0.003619,-0.000218,0.070683,-0.000828,0.175328
555,0.161200,0.01977,0.07379,0.07639,0.003619,-0.000218,0.070904,-0.000678,0.175234
556,0.161400,0.04718,0.03955,0.06156,0.003619,-0.000218,0.071128,-0.000535,0.175134
557,0.161600,0.06972,0.01399,0.07111,0.003619,-0.000218,0.071353,-0.000401,0.175026
558,0.161800,0.07852,0.00395,0.07862,0.003619,-0.000218,0.071577,-0.000275,0.174915
559,0.162000,0.08589,-0.01234,0.08677,0.003550,-0.000208,0.071799,-0.000159,0.174818
560,0.162200,0.10837,-0.00648,0.10857,0.003464,-0.000203,0.072018,-0.000055,0.174756
561,0.162400,0.10341,-0.01656,0.10472,0.003381,-0.000190,0.072233,0.000039,0.174731
562,0.162600,0.11523,-0.01530,0.11624,0.003289,-0.000178,0.072446,0.000120,0.174743
563,0.162800,0.10797,-0.02317,0.11042,0.003202,-0.000159,0.072656,0.000189,0.174787
564,0.163000,0.11712,-0.04306,0.12479,0.003109,-0.000125,0.072864,0.000239,0.174856
565,0.163200,0.11643,-0.04963,0.12656,0.003015,-0.000085,0.073074,0.000269,0.174945
566,0.163400,0.11668,-0.05947,0.13096,0.002922,-0.000037,0.073284,0.000278,0.175063
567,0.163600,0.07585,-0.04779,0.08965,0.002861,0.000001,0.073493,0.000275,0.175204
568,0.163800,0.06669,-0.05844,0.08867,0.002808,0.000048,0.073700,0.000258,0.175356
569,0.164000,0.05621,-0.07824,0.09634,0.002763,0.000110,0.073906,0.000214,0.175515
570,0.164200,0.02996,-0.07245,0.07840,0.002763,0.000110,0.074111,0.000156,0.175666
571,0.164400,0.00597,-0.07771,0.07794,0.002763,0.000110,0.074317,0.000099,0.175800
572,0.164600,0.00167,-0.07170,0.07172,0.002763,0.000110,0.074524,0.000045,0.175916
573,0.164800,-0.03332,-0.05951,0.06821,0.002763,0.000110,0.074731,-0.000006,0.176016
574,0.165000,-0.04379,-0.06049,0.07467,0.002763,0.000110,0.074943,-0.000054,0.176096
575,0.165200,-0.08370,-0.04220,0.09374,0.002830,0.000144,0.075159,-0.000108,0.176142
576,0.165400,-0.10353,-0.04758,0.11394,0.002913,0.000182,0.075377,-0.000177,0.176148
577,0.165600,-0.11130,-0.04542,0.12021,0.003002,0.000218,0.075597,-0.000261,0.176106
578,0.165800,-0.09567,-0.03292,0.10118,0.003078,0.000245,0.075821,-0.000356,0.176012
579,0.166000,-0.08310,0.00504,0.08325,0.003145,0.000241,0.076046,-0.000453,0.175875
580,0.166200,-0.05487,0.00641,0.05525,0.003145,0.000241,0.076271,-0.000543,0.175717
581,0.166400,-0.06255,0.01375,0.06404,0.003145,0.000241,0.076496,-0.000627,0.175556
582,0.166600,-0.04153,0.02451,0.04822,0.003145,0.000241,0.076719,-0.000706,0.175392
583,0.166800,-0.02192,0.05195,0.05639,0.003145,0.000241,0.076944,-0.000781,0.175223
584,0.167000,-0.02057,0.05673,0.06034,0.003145,0.000241,0.077170,-0.000850,0.175050
585,0.167200,-0.00937,0.07261,0.07321,0.003145,0.000241,0.077395,-0.000915,0.174875
586,0.167400,0.00280,0.11764,0.11768,0.003143,0.000147,0.077618,-0.000951,0.174701
587,0.167600,0.02953,0.10169,0.10589,0.003119,0.000065,0.077841,-0.000951,0.174532
588,0.167800,0.05845,0.10598,0.12104,0.003072,-0.000020,0.078063,-0.000915,0.174381
589,0.168000,0.07999,0.10630,0.13303,0.003008,-0.000105,0.078284,-0.000838,0.174254
590,0.168200,0.07804,0.08151,0.11284,0.002946,-0.000170,0.078504,-0.000725,0.174156
